{
	"credit": "Made with Blockbench",
	"texture_size": [12, 27],
	"textures": {
		"6": "custom/book1",
		"7": "custom/book2",
		"8": "custom/book3"
	},
	"elements": [
		{
			"from": [7.86189, 7.79627, 7.49846],
			"to": [10.82373, 8.43095, 11.20076],
			"rotation": {"angle": 22.5, "axis": "y", "origin": [9.34281, 8.11361, 9.45539]},
			"faces": {
				"north": {"uv": [0, 8.04444, 5.98333, 8.98765], "rotation": 180, "texture": "#8"},
				"east": {"uv": [0, 6.53827, 5.95861, 7.50617], "rotation": 180, "texture": "#8"},
				"south": {"uv": [0, 8.01975, 5.90861, 8.9679], "rotation": 180, "texture": "#8"},
				"west": {"uv": [0, 8.04444, 5.98333, 9.01235], "rotation": 180, "texture": "#8"},
				"up": {"uv": [0, 0, 3.93083, 6], "rotation": 180, "texture": "#8"},
				"down": {"uv": [3.98584, 0, 0, 6], "texture": "#8"}
			}
		},
		{
			"from": [8.59758, 7.23775, 7.94947],
			"to": [11.08553, 7.77088, 11.0594],
			"rotation": {"angle": -22.5, "axis": "y", "origin": [10.26467, 6.31958, 8.85283]},
			"faces": {
				"north": {"uv": [0, 8.04444, 5.98333, 8.98765], "rotation": 180, "texture": "#7"},
				"east": {"uv": [0, 6.53827, 5.95861, 7.50617], "rotation": 180, "texture": "#7"},
				"south": {"uv": [0, 8.01975, 5.90861, 8.9679], "rotation": 180, "texture": "#7"},
				"west": {"uv": [0, 8.04444, 5.98333, 9.01235], "rotation": 180, "texture": "#7"},
				"up": {"uv": [0, 0, 3.93083, 6], "rotation": 180, "texture": "#7"},
				"down": {"uv": [3.98584, 0, 0, 6], "texture": "#7"}
			}
		},
		{
			"from": [8.59758, 8.40133, 7.94947],
			"to": [11.08553, 8.93446, 11.0594],
			"rotation": {"angle": 0, "axis": "y", "origin": [10.26467, 6.31958, 8.85283]},
			"faces": {
				"north": {"uv": [0, 8.04444, 5.98333, 8.98765], "rotation": 180, "texture": "#8"},
				"east": {"uv": [0, 6.53827, 5.95861, 7.50617], "rotation": 180, "texture": "#8"},
				"south": {"uv": [0, 8.01975, 5.90861, 8.9679], "rotation": 180, "texture": "#8"},
				"west": {"uv": [0, 8.04444, 5.98333, 9.01235], "rotation": 180, "texture": "#8"},
				"up": {"uv": [0, 0, 3.93083, 6], "rotation": 180, "texture": "#8"},
				"down": {"uv": [3.98584, 0, 0, 6], "texture": "#8"}
			}
		},
		{
			"from": [7.8251, 6.66061, 7.2379],
			"to": [10.81064, 7.30037, 10.96982],
			"rotation": {"angle": -45, "axis": "y", "origin": [9.29671, 8.20331, 9.48551]},
			"faces": {
				"north": {"uv": [0, 8.04444, 5.98333, 8.98765], "rotation": 180, "texture": "#6"},
				"east": {"uv": [0, 6.53827, 5.95861, 7.50617], "rotation": 180, "texture": "#6"},
				"south": {"uv": [0, 8.01975, 5.90861, 8.9679], "rotation": 180, "texture": "#6"},
				"west": {"uv": [0, 8.04444, 5.98333, 9.01235], "rotation": 180, "texture": "#6"},
				"up": {"uv": [0, 0, 3.93083, 6], "rotation": 180, "texture": "#6"},
				"down": {"uv": [3.98584, 0, 0, 6], "texture": "#6"}
			}
		},
		{
			"from": [4.68849, 6.67402, 6.07043],
			"to": [7.65033, 10.37632, 6.70511],
			"rotation": {"angle": 0, "axis": "x", "origin": [9.34281, 13.40261, 9.45539]},
			"faces": {
				"north": {"uv": [0, 0, 3.93083, 6], "texture": "#8"},
				"east": {"uv": [0, 6.53827, 5.95861, 7.50617], "rotation": 270, "texture": "#8"},
				"south": {"uv": [3.98584, 0, 0, 6], "texture": "#8"},
				"west": {"uv": [0, 8.04444, 5.98333, 9.01235], "rotation": 90, "texture": "#8"},
				"up": {"uv": [0, 8.01975, 5.90861, 8.9679], "rotation": 180, "texture": "#8"},
				"down": {"uv": [0, 8.04444, 5.98333, 8.98765], "texture": "#8"}
			}
		},
		{
			"from": [5.42418, 6.67402, 5.60327],
			"to": [7.91213, 9.78395, 6.1364],
			"rotation": {"angle": 0, "axis": "x", "origin": [10.26467, 11.60858, 8.85283]},
			"faces": {
				"north": {"uv": [0, 0, 3.93083, 6], "texture": "#7"},
				"east": {"uv": [0, 6.53827, 5.95861, 7.50617], "rotation": 270, "texture": "#7"},
				"south": {"uv": [3.98584, 0, 0, 6], "texture": "#7"},
				"west": {"uv": [0, 8.04444, 5.98333, 9.01235], "rotation": 90, "texture": "#7"},
				"up": {"uv": [0, 8.01975, 5.90861, 8.9679], "rotation": 180, "texture": "#7"},
				"down": {"uv": [0, 8.04444, 5.98333, 8.98765], "texture": "#7"}
			}
		},
		{
			"from": [5.42418, 6.67402, 6.66107],
			"to": [7.91213, 9.78395, 7.1942],
			"rotation": {"angle": 0, "axis": "x", "origin": [10.26467, 11.60858, 8.85283]},
			"faces": {
				"north": {"uv": [0, 0, 3.93083, 6], "texture": "#8"},
				"east": {"uv": [0, 6.53827, 5.95861, 7.50617], "rotation": 270, "texture": "#8"},
				"south": {"uv": [3.98584, 0, 0, 6], "texture": "#8"},
				"west": {"uv": [0, 8.04444, 5.98333, 9.01235], "rotation": 90, "texture": "#8"},
				"up": {"uv": [0, 8.01975, 5.90861, 8.9679], "rotation": 180, "texture": "#8"},
				"down": {"uv": [0, 8.04444, 5.98333, 8.98765], "texture": "#8"}
			}
		},
		{
			"from": [4.6517, 6.6846, 7.10927],
			"to": [7.63724, 10.41651, 7.74903],
			"rotation": {"angle": 0, "axis": "x", "origin": [9.29671, 13.49231, 9.48551]},
			"faces": {
				"north": {"uv": [0, 0, 3.93083, 6], "texture": "#6"},
				"east": {"uv": [0, 6.53827, 5.95861, 7.50617], "rotation": 270, "texture": "#6"},
				"south": {"uv": [3.98584, 0, 0, 6], "texture": "#6"},
				"west": {"uv": [0, 8.04444, 5.98333, 9.01235], "rotation": 90, "texture": "#6"},
				"up": {"uv": [0, 8.01975, 5.90861, 8.9679], "rotation": 180, "texture": "#6"},
				"down": {"uv": [0, 8.04444, 5.98333, 8.98765], "texture": "#6"}
			}
		}
	],
	"display": {
		"thirdperson_righthand": {
			"translation": [0, 0, 1.5],
			"scale": [0.23242, 0.25586, 0.27539]
		},
		"gui": {
			"translation": [0, -0.75, 0],
			"scale": [2, 2, 1]
		},
		"head": {
			"translation": [-0.5, -1.75, -2],
			"scale": [1.88672, 2.46484, 2.13867]
		},
		"fixed": {
			"rotation": [-90, 0, 0],
			"translation": [-1, -2, -4.25],
			"scale": [4, 4, 4]
		}
	},
	"groups": [
		{
			"name": "book",
			"origin": [8, 8, 8],
			"color": 0,
			"children": [
				{
					"name": "bookstack",
					"origin": [8, 8, 8],
					"color": 0,
					"children": [0, 1, 2, 3]
				},
				{
					"name": "bookstack",
					"origin": [8, 8, 8],
					"color": 0,
					"children": [4, 5, 6, 7]
				},
				{
					"name": "group",
					"origin": [8, 8, 8],
					"color": 0,
					"children": []
				}
			]
		}
	]
}