{
	"credit": "Made with Blockbench",
	"texture_size": [14, 33],
	"textures": {
		"5": "custom/lamp1"
	},
	"elements": [
		{
			"from": [14.66955, 9.8, 1.94965],
			"to": [15.46955, 13.1, 2.74965],
			"rotation": {"angle": -22.5, "axis": "y", "origin": [-1.93045, 12.71667, 6.34965]},
			"faces": {
				"north": {"uv": [12.02857, 4.98671, 12.95635, 0], "texture": "#5"},
				"east": {"uv": [12.02857, 4.98671, 12.95635, 0], "texture": "#5"},
				"south": {"uv": [12.02857, 4.98671, 12.95635, 0], "texture": "#5"},
				"west": {"uv": [12.02857, 4.98671, 12.95635, 0], "texture": "#5"},
				"up": {"uv": [12.02857, 4.98671, 12.95635, 0], "texture": "#5"},
				"down": {"uv": [12.02857, 4.98671, 12.95635, 0], "texture": "#5"}
			}
		},
		{
			"from": [13.06955, 13.1, 0.34965],
			"to": [17.06955, 16.6, 4.34965],
			"rotation": {"angle": -22.5, "axis": "y", "origin": [-1.93045, 12.71667, 6.34965]},
			"faces": {
				"north": {"uv": [0, 5.9785, 5.97253, 0], "rotation": 180, "texture": "#5"},
				"east": {"uv": [0, 5.9785, 5.97253, 0], "rotation": 180, "texture": "#5"},
				"south": {"uv": [0, 5.9785, 5.97253, 0], "rotation": 180, "texture": "#5"},
				"west": {"uv": [0, 5.9785, 5.97253, 0], "rotation": 180, "texture": "#5"},
				"up": {"uv": [6, 5.9785, 11.97253, 0], "rotation": 180, "texture": "#5"},
				"down": {"uv": [6, 5.9785, 11.97253, 0], "rotation": 180, "texture": "#5"}
			}
		},
		{
			"from": [13.26955, 9.2, 0.64965],
			"to": [16.86955, 9.8, 3.94965],
			"rotation": {"angle": -22.5, "axis": "y", "origin": [-1.93045, 12.71667, 6.34965]},
			"faces": {
				"north": {"uv": [0, 11.58829, 4.77155, 12.46835], "rotation": 180, "texture": "#5"},
				"east": {"uv": [0, 11.58829, 4.77155, 12.46835], "rotation": 180, "texture": "#5"},
				"south": {"uv": [0, 11.58829, 4.77155, 12.46835], "rotation": 180, "texture": "#5"},
				"west": {"uv": [0, 11.58829, 4.77155, 12.46835], "rotation": 180, "texture": "#5"},
				"up": {"uv": [0, 6.07314, 4.87155, 10.9835], "rotation": 180, "texture": "#5"},
				"down": {"uv": [0, 6.07314, 4.87155, 10.9835], "rotation": 180, "texture": "#5"}
			}
		}
	],
	"display": {
		"thirdperson_righthand": {
			"translation": [0, 0, 1.5],
			"scale": [0.23242, 0.25586, 0.27539]
		},
		"gui": {
			"translation": [-14.25, -9.75, 0],
			"scale": [2, 2, 1]
		},
		"head": {
			"translation": [-13.75, -8.5, -2.25],
			"scale": [1.88672, 2.46484, 2.13867]
		},
		"fixed": {
			"rotation": [-90, 0, 0],
			"translation": [-29, -5.25, 4.75],
			"scale": [4, 4, 4]
		}
	},
	"groups": [
		{
			"name": "group",
			"origin": [8, 8, 8],
			"color": 0,
			"children": [
				{
					"name": "lamp",
					"origin": [8, 8, 8],
					"color": 0,
					"children": [0, 1, 2]
				}
			]
		}
	]
}